Sujeto,Tarea,Mu_C3_T0,Beta_C3_T0,Mu_Cz_T0,Beta_Cz_T0,Mu_C4_T0,Beta_C4_T0,Mu_C3_T1,Beta_C3_T1,Mu_Cz_T1,Beta_Cz_T1,Mu_C4_T1,Beta_C4_T1,Mu_C3_T2,Beta_C3_T2,Mu_Cz_T2,Beta_Cz_T2,Mu_C4_T2,Beta_C4_T2
S001,Movimiento Real,21.22538497090124,37.45360526841678,36.955633813399004,36.348131395032155,23.421777936970326,41.13695879563963,33.70070151196812,70.11080166566765,29.548745135115105,84.32544456294971,32.013693899292456,55.86287785319144,23.238912644752123,52.21613295649363,33.88246278498102,52.75236949239042,47.34798931453044,71.6037593080492
S001,Imaginacion Motora,25.838796208398584,52.99567296570216,26.849901668500966,42.57479160010756,23.164767996782103,41.30724799299367,30.57104598794822,49.94397852600272,37.18588447066268,44.19538698516276,27.822448291896198,39.882011406679034,20.53369121935312,54.29498040972068,21.022901573053005,44.8076072245017,24.300470899150145,46.6782296257523
S002,Movimiento Real,7.398968448088897,20.588869679022643,16.229173426321765,48.68079617982381,6.478909168409496,15.011725895574145,29.921213998212735,51.48381087912407,30.3412412684183,69.23289618270516,19.885556589149147,24.876253401804146,18.322164153271494,33.2429546008192,14.846203760585414,70.87169102485255,17.932507385960516,29.07600208638937
S002,Imaginacion Motora,16.018833139476456,25.73038088916068,16.908537466941375,47.73830818084856,10.176402603648851,17.407109573896605,26.958925481506114,40.29313069609263,14.459581284284063,48.36795892093004,11.299455996254718,14.340776822614837,9.688304857341672,21.58966691959591,14.501712838718946,56.316921705994176,11.419384696396438,21.60978202032872
S003,Movimiento Real,41.09944693626875,37.364506578776044,50.32447380923435,26.84715771347783,41.70861830610249,36.71996887317841,33.44793251149814,38.944591284599454,34.34020049409447,27.93812216042358,27.62730759959734,36.27547990938066,19.74350737798954,38.062191692538775,24.145623280311224,25.507325094412977,33.36807751412678,35.114195650059926
S003,Imaginacion Motora,22.527296759456235,49.7944019131237,30.539868160886613,32.44047820150746,29.502709662736343,33.980593137889116,34.369646854406824,48.0305380169331,34.49509792577733,35.12280400171421,38.93620448193238,37.35471948097938,40.18260025566437,49.439535776853596,58.58929622561248,35.381068356392554,61.66987517903726,38.717673299432306
S004,Movimiento Real,2.8275767216834136,7.563903246065931,2.9175044837430675,9.847266728167885,4.017238533754839,7.964384608220956,4.581835240828142,9.973130534537363,4.193371808333996,6.4566128593971115,4.157038299160456,7.4886945745161,5.130818748808289,8.951973721478295,3.5670022299508646,10.66221317771709,4.79262268591078,12.011776795396026
S004,Imaginacion Motora,5.416237310305795,14.595985877346097,4.693813029865888,11.79403659349002,5.251526200391784,15.504778739542672,3.1401694192487395,10.851729394158783,3.318418444399735,7.794115583085798,4.254496162107953,11.368745666829621,3.0170672911682015,10.828515839880131,2.7994469197045087,9.269379160634097,4.6962926920134995,15.397783090769106
S005,Movimiento Real,6.0372287766429364,15.247796486856055,7.594187409340892,11.12090288242835,6.397497904979049,14.888122773278583,5.254244034998411,10.995679696068933,8.337341651460276,9.60601651175375,4.106548154234149,13.686946217344518,5.334342173985125,12.160884519665258,7.609601646457443,9.817013729041157,4.656938028719209,14.98011760579415
S005,Imaginacion Motora,5.424646191954955,9.495284004342173,8.725372988052602,11.530480645760768,8.60741365105059,15.423671417798335,5.375380941644413,8.358022199972474,7.922401098865234,9.061714992606564,4.8579566331589,11.729109279278173,4.369862350117173,8.531348385804861,5.68486842235742,8.30730541909684,5.4737425201294885,15.186311349954591
S006,Movimiento Real,4.286845519369624,14.83513271726492,3.1701862217977443,8.023347475305416,3.468751101711314,11.69363336079419,5.700727942064617,16.87337162822543,4.54562950541682,7.970279869293242,4.924326733499727,12.297696085063848,5.094358819607491,15.755091125610964,2.5790480421056734,8.175499308002289,5.384498950949745,12.779844260144085
S006,Imaginacion Motora,3.749120893534497,14.602203644118823,3.063616494816878,7.378442006026017,4.6910231511995715,15.531273546454681,4.217807367141636,13.063894990734248,3.9657572802724954,5.709537871886913,5.328716101674836,10.399302817293503,4.678653547338756,14.804491287014462,3.196806381105741,9.125938552248254,4.923869140011475,19.593476055648576
S007,Movimiento Real,16.550106259722238,26.787503937238967,21.77581943064563,19.651482343497737,16.59119684005188,21.089312292661976,24.243073438397772,29.84462185890113,23.9520651232058,17.075109099321793,21.929620670263763,20.540385540956866,19.654912775611344,30.83090136887463,34.82991002829075,20.4676051027264,30.912590423940983,25.258929664468248
S007,Imaginacion Motora,38.91402144086762,35.44510696267807,33.576076504551,22.361087437364432,29.927393428600972,25.886784096821277,27.431432993110764,39.220334684752025,25.51042767710921,20.15674675411416,20.303401425946756,20.04967342916879,21.18412313252228,29.793864102383047,27.858508363184786,18.714130397076353,24.748133113636037,28.058316523544327
S008,Movimiento Real,8.005182073284063,17.438494661871335,13.052732716261046,11.521379924608295,9.289987752316042,12.366797697256324,9.024811022719623,15.742130707180378,27.6585942835162,12.743581594328175,9.584440917919684,12.072712051075085,12.117382617471229,21.81110677014371,32.45240821066306,17.413339264839134,18.939264267001192,24.207931388817528
S008,Imaginacion Motora,6.825727137413683,13.226275099327882,10.138082815459144,11.472482480255744,9.649407214851125,13.814634024875046,11.941371856888281,14.780169222860284,26.305775341439638,13.798656082489307,13.135042319533433,17.206079791163123,12.839306831535625,13.201175430482971,20.174963738607474,13.058332150960082,15.01438714301501,15.127670425602316
S009,Movimiento Real,33.870052674754234,188.69085414822746,34.4069152892547,82.8046656945381,39.94810262370372,361.6482982268729,28.902780774556202,221.6422042241603,43.692439631774114,95.47517321530256,43.22288044943698,319.42813911264534,45.37886610940874,196.24443455018303,41.947238908443786,79.68292673381374,38.75177711928285,316.39639769070925
S009,Imaginacion Motora,37.636833810969165,137.8584227728811,42.59460714101301,66.4348949586586,26.444705619421036,127.91043951308323,26.916129838819977,140.99816992959006,21.587377352370964,60.86211114685887,27.120685425227066,126.17076234138979,38.82041392029961,108.22116314647535,48.32081915385043,65.2811323723681,38.34700784058133,119.91266961806977
S010,Movimiento Real,39.81016231931584,51.75598472983288,40.225558738878846,36.77763521719784,65.2203473626933,51.760174700491845,42.673288216894846,60.361656115875945,40.376263646346324,33.47814474112502,45.15806932935189,46.16639937642197,36.536220533566855,55.175435567961706,45.050639512338215,45.28804728103561,55.47091973307686,60.73402815072025
S010,Imaginacion Motora,30.712000515462005,39.653771576358096,42.73325487152991,39.92584149439121,43.36415686289581,49.879887488281184,25.904226360377706,42.66958556147443,40.4917325953497,39.85748291536244,54.379425669203115,57.077276927891155,40.71107873625389,51.78692102862569,38.517514325145896,42.62393230573534,85.92425062940319,62.63521265124784
S011,Movimiento Real,2.6933013190380977,5.1118262221839155,4.885693855983739,5.523406658299617,4.315744141723638,5.631327110306125,2.8727852031979775,5.104010985005644,6.1850886955974795,6.632579924970198,4.0983073186152135,7.894422589762058,5.247734641490553,4.6523454500718575,5.236273882910949,5.4782186663236425,4.115752581326555,4.538484494137514
S011,Imaginacion Motora,3.1933310585223977,5.376370972485549,3.7716835627213134,5.940917939766845,3.247574290001637,5.664964096867661,4.016048835881752,6.300847764900987,6.2363393822747195,7.5459453933918965,4.318906465015037,6.062170603299838,3.809314053304495,5.480325378199941,6.683391533798207,6.886441295237869,5.240368695628991,6.037600518278022
S012,Movimiento Real,8.746667303094803,17.775636468054685,9.750758706783248,8.560917917658452,8.775871730158343,11.871970563058458,5.914279536895829,18.140529159123187,6.458563461382589,9.444583119946657,6.072107240581757,14.648678971457715,3.69741184298682,16.811730695958186,6.674901345422247,8.132050591882589,7.060765653063348,11.679663218090415
S012,Imaginacion Motora,6.407266950833766,13.941168652823544,6.572337191228682,7.811732667336087,6.652525248064356,10.417979074994681,7.682776689731953,16.415077835049992,7.819887444782923,7.901375440782662,5.769790954947031,13.159110779993885,5.895095215347806,15.637570654485337,8.057698627957697,8.955815978002825,6.247993525508328,13.430231684880363
S013,Movimiento Real,37.96638589035597,185.81135202569658,38.66115859355135,85.48974724073928,25.34498696301163,96.85720374366439,28.92142392901206,160.07867376525826,33.527963348399425,96.69915095711103,17.50061650739079,97.11121050814148,37.73124609980559,174.6803641302073,24.471465920772793,78.8089317974091,21.633442354799076,118.80707353246653
S013,Imaginacion Motora,24.362069927155087,123.711459683304,28.75053658185108,123.17123307527386,19.402418580713384,94.89676586614739,25.400807671771894,145.92964022137102,36.33777686679692,125.23306811129616,37.27467171476031,111.20280856004152,36.716700459861926,124.08836766503542,38.19171792644497,83.68582459913597,41.328773310165204,115.13770202780493
S014,Movimiento Real,19.885348439615495,25.805084880553576,18.009353397658657,14.492179885766411,26.310993403752217,32.15354161676903,19.271320377294167,27.68522703640957,16.86092298162162,15.429384205620956,19.733082604238785,32.928786222090295,18.783708828644247,29.410865034138972,16.47274641282266,20.093049490580622,24.271149199936225,40.58886348153336
S014,Imaginacion Motora,27.73625357707565,27.777945017620343,23.17371942222202,16.150325423032854,26.53553553326988,29.808324779184026,18.53788523474701,25.45293182832324,27.793340282073288,14.597092728765288,27.24500387380129,28.692476256709398,29.83658763591819,27.830000919990535,37.25644444192884,15.907499943058776,26.825423604664515,24.747627978261054
S015,Movimiento Real,31.431454974349723,112.10870986244524,42.77566174498326,90.2708729602557,41.263093876679115,114.60066559150646,81.78216863987305,138.63838989658205,62.97078003504725,93.44976324971262,42.10989157445398,121.76455474361697,50.288739684763,132.79981522856366,44.226136910529355,87.58031357754838,49.04668027112186,103.212078771844
S015,Imaginacion Motora,38.40746854292297,131.15800499307258,43.0666484953725,98.643576584098,42.86195483499919,120.61475066847767,60.29006019579458,107.08491787966531,48.657064292502945,78.61073214822405,46.6226367855351,104.06957245456583,63.32749152273435,140.40588426627738,55.14842218740427,73.01045496584413,78.92711159498363,125.27888946350855
S016,Movimiento Real,7.328975956139229,11.576856562055347,9.920093767757855,11.08214591375897,8.377889833522287,14.257904288453435,9.092263255877986,11.665388241936682,13.334072585704961,10.097484757088573,6.937980891613788,14.217940784872797,6.1540247359462965,10.614822570384892,6.774733652691537,10.533616254137184,7.4587336862648295,16.977234937126834
S016,Imaginacion Motora,8.778961052131642,17.04885582526197,11.638784056527996,15.373363940286133,18.970077582516506,25.091599079657694,8.27543123725462,14.253869480425744,8.14240550167477,13.736578291107604,8.511399037889076,16.786554510245498,6.944488883039897,13.779055166354809,9.624993461881273,14.01795496795417,9.399197903469348,21.807712152565365
S017,Movimiento Real,33.525724298871665,176.1138843859169,19.35898319186195,39.57639097089423,23.606117327224915,62.68650528756565,22.535173931297564,152.76089484039142,23.949814732614094,43.53446264603286,17.965960099105004,74.55476469101407,28.451623858573424,135.58551054556995,15.187645701075946,31.795282006100752,18.1711581756523,69.53080415882572
S017,Imaginacion Motora,32.20874263256331,220.64648777232728,24.827209995581597,50.04071695614345,23.713954943758694,80.6073192942211,29.002316958747677,268.8309845602572,16.352387883960766,48.186844799281474,23.88521101669919,72.21010466527474,21.447350494096415,187.30858522460215,15.458553588046236,39.76267232505286,18.0475052518922,57.09642589918428
S018,Movimiento Real,1.1509364051334063,2.3422733799533106,1.385915747681196,2.192844572440892,1.3887188417559682,2.531671025791242,1.0766214225036381,1.9703977805460569,1.6355885109731148,2.3601203197194454,1.3735295248561943,2.6074073332929695,1.0341300075122086,2.643310511421208,1.5645817658652326,3.360721260836649,1.7581315010162408,3.352765771157529
S018,Imaginacion Motora,0.7940217438367804,2.526265734537096,0.9393758928672908,1.8323894773699307,0.7528532205829481,2.12333248169066,0.7614894795857281,2.00424561275977,1.225621391758593,1.9543377502910948,0.869648400717695,2.1559254684986806,0.8015349255133725,2.2139028681054334,1.0471512112074632,1.8221793531046617,0.7624570857364258,1.9237021070031186
S019,Movimiento Real,17.10106150306603,49.19084551053348,15.035128018082085,46.97028813283081,17.406546519408227,65.07305006266867,20.173712141588595,65.51163363364756,14.128451406406997,39.1801268592994,18.19101951076994,40.56221944698118,25.43138573205617,49.56560985356541,14.490325386943304,34.99623480652159,31.171771602535358,59.61147068914566
S019,Imaginacion Motora,20.49410345981101,54.710706821920205,17.886176168416185,43.47075538713019,22.600962141620812,64.17362432979566,38.968879346114356,70.93786544479705,21.17499828400214,52.79948712067138,27.677852634527977,66.31440614237064,24.194892201827297,46.82111051543908,17.94345807338278,52.072197901756034,19.71019515903766,51.08515410776366
S020,Movimiento Real,1.583610045613676,2.3294152729837236,2.2915753758926165,2.417616470429189,1.0663613343834588,1.8848015298821248,1.813963589534471,1.9311617015582145,2.4911848083750794,2.239007501064041,1.7604272705406445,2.2906895121567183,1.6865862558346247,3.134478039962134,1.8650600299994864,3.375001164277873,1.2264523191837453,2.3509876372621172
S020,Imaginacion Motora,1.83781685978293,2.2576491237264444,1.9691370886244288,2.7971954958166805,1.359230584556424,1.8131446595248286,2.2342442531513353,3.091751611407718,2.3197935713257056,3.4748203052243283,2.1432286895571084,2.8748954683224754,2.0211755125016246,2.573442607745417,2.810721803381793,2.8856448845092104,1.3546053338737771,1.9511541538543289
S021,Movimiento Real,3.632104129402334,10.468969737885786,3.26988782145217,8.81113606541759,4.319289644938353,10.90238368742918,5.0129036149858575,8.799548223079295,5.252837679034371,7.718258002927864,4.355168257594966,10.113785658170984,3.791023665874006,6.774722459112214,3.1837863072175927,7.588637014727776,5.495088069006786,11.125165963504873
S021,Imaginacion Motora,5.460590895523322,12.807600563537099,4.58944953348583,10.45844187269688,8.2180070777925,13.590643080953885,6.553358701377837,10.808083080971233,4.276343635355859,9.475211292034194,4.972099814366174,9.470264882941166,4.470303937742824,11.09978992615433,5.758070257428616,9.88145052274818,9.283917803051963,18.84860939851297
S022,Movimiento Real,33.5721861531643,52.3276526825435,71.05488789060077,45.880010086865575,49.32526717592395,52.99892305358094,33.40917898704313,69.51957605335181,54.7587836479371,47.510193629373966,47.12873905110061,72.30824859609376,35.60389467427955,67.33460036636899,52.769600161571034,61.611397061968994,37.8859559199881,86.5744025058765
S022,Imaginacion Motora,27.076130050474234,53.08469332617415,45.276435714071845,47.34986521370675,43.519570201916565,58.46528346909163,21.011351011854234,55.809831937688166,31.360249928161718,50.17636532833023,43.662601013584194,74.14331460113466,27.07545512058649,57.32575738322954,43.82334802470637,61.3781240550542,40.240630725430776,67.61455554769533
S023,Movimiento Real,60.96732527427117,104.55660422689567,60.50648854093567,92.26545311907532,58.30915234660222,88.14448718942359,31.7156302032218,81.28301022290286,42.868292445501936,67.25349339144702,53.09837006297477,73.33751220659101,38.89702531004078,90.49647735372864,32.98040246896417,74.49674548206522,89.56750331674777,106.46889053635377
S023,Imaginacion Motora,53.95913612931528,89.508762353445,68.80950726432523,80.06384452614829,57.22129290627144,93.4056182279053,32.88074467676339,67.83521691400885,29.229196338609846,61.03582975430575,24.160863734575397,70.21453809265313,29.77821563170051,87.02596621977132,62.88495888749814,71.51547254126137,45.66885706542496,95.05406807583027
S024,Movimiento Real,8.781533549368824,75.07884695654536,17.254520820616037,77.74440015052761,13.097152095702905,104.69853677783688,9.160832330169661,61.18354372312853,12.75112558308148,56.81422181052526,8.824889961128385,90.69976879675004,6.09157023292668,62.613028079388286,9.005707986419374,68.38808577999934,10.50735103937238,91.5232763807829
S024,Imaginacion Motora,13.320570669990447,152.37680048287447,15.328473541212595,104.59756456119115,15.354424083037637,136.58355155588183,12.249520726777542,129.7731550677709,17.341499189613707,94.61380818981134,18.051953303706195,112.29163202902753,11.337060239221511,142.30751464987776,19.774876312504617,86.84909506494901,17.8566829894535,117.54841477440338
S025,Movimiento Real,2.286322810072184,9.500975222275752,2.847168683866596,7.565932140380516,3.322968095047781,12.388104085809545,2.871446265242667,9.30006100474998,3.679641138431416,6.224874914631353,2.80682118607083,7.90181942376621,4.506425057724277,9.818648174123,7.635779710438065,7.921457691722243,13.679840527251688,12.423195031953245
S025,Imaginacion Motora,4.979774943666962,11.014121857712967,4.550195186481249,8.351973653067999,7.530843714242519,15.50172926167774,4.912099983621098,7.577774144629218,3.2670003813338475,5.060910363724675,3.1741127932906084,7.530624854769031,2.9344833834169233,8.358985158734262,3.4223069517399187,6.629555185257553,4.211452355333412,11.984093806571144
S026,Movimiento Real,1.6616347856293066,4.296990469226636,2.1417418102830315,3.7476277643387474,1.443389879422935,3.2145035841778133,1.593357282100269,5.187117711307768,1.5925763898518361,4.545245638941548,1.314328497372224,3.7337467865164227,1.4688755394694009,4.395045178819374,1.721633159105564,4.869038331148109,1.2066767462900552,3.712393383938554
S026,Imaginacion Motora,1.129578153323516,6.422433443755045,1.5682054664434306,6.522764282996772,2.9298661280876583,26.351264977107554,1.2330818240888566,6.275137832198001,1.8268111221637304,5.701501742501755,2.3122774853431634,23.115405805621645,1.2671217318763854,5.003828408615308,1.5138298552050913,5.9999604993900855,3.433674159993119,22.660452947136967
S027,Movimiento Real,31.458319425546012,61.55325782646362,29.847723423254433,43.13966019246652,42.46685883002982,154.188469093688,50.394749241218115,43.80711830560381,62.25259422829185,57.12446644782712,60.754746413330054,65.63709476802269,90.44366137920447,48.58206182713807,39.28304638084694,31.67347444548007,92.65789863222169,63.189783338472644
S027,Imaginacion Motora,75.59866159133325,62.238326173762765,51.398400847802115,37.81121440982343,70.65315609300258,72.12154893759973,45.44868927428934,41.27639562411861,44.67031999541475,40.285855957453855,50.546732995438106,62.10445338322489,48.11874914338336,39.60611040195806,38.411048475154516,32.32505703779351,77.57200212629817,65.68840497408189
S028,Movimiento Real,78.07116967588976,43.15043790332865,89.34375614316497,55.39274152825946,53.7737274797409,25.66717994917971,59.62130603946177,45.64766094641744,92.17546220470076,80.98332472215868,64.44980035637741,39.65636831365646,82.66127844465065,61.81181238956611,75.69778153038695,75.10540496846642,82.48030664491765,43.95752073971725
S028,Imaginacion Motora,129.19857400778338,100.52531270846032,95.02973539185318,95.50903933411638,99.6776566370029,73.42161560702247,113.34440938751145,98.95792332776479,98.64913745334027,70.09457618423683,75.75586451241881,48.08509504076381,73.68109222011212,63.043666339112924,94.76358064327448,55.549737432976364,105.0722616216475,45.74434650585896
S029,Movimiento Real,3.6752188457967234,4.25047661888963,4.948884189627498,3.920614176623231,4.251522600516001,4.231725390830851,13.2569693102252,9.391644247842743,14.522693112603566,5.191561794386822,26.117779561362788,9.398973837681112,9.554418393147124,8.402874504750885,7.048053026258013,4.8908545060600215,13.116178277183877,10.38357311992324
S029,Imaginacion Motora,16.115186094656163,7.8202834195392565,18.635588749159627,5.355723055513869,17.065346924835556,11.039694139623746,15.734567838810623,10.212777843403066,12.64088618431744,5.796913811547871,19.180591529337683,12.857662325178143,6.361319825603584,6.655316069280087,7.601086737710908,4.657086704069795,17.781928976912823,11.658711466593193
S030,Movimiento Real,2.171111670092638,2.385870073152269,2.5843889001237548,2.341472610789726,2.5751693182621858,2.2001697383256107,1.3521267917365292,3.994174036353756,1.6780170010551196,2.008189142516516,1.710743121422918,2.4229770976374945,2.0067201806790136,4.296267533371713,2.9500971524946453,2.425723517712946,2.642933179142808,2.6273875924295
S030,Imaginacion Motora,2.4493406671109854,2.787222869746748,3.5290443111334597,1.6986911920258905,2.5885080836472483,1.974818655393711,2.6948114296460663,3.0166569784277293,3.020323741494573,1.7649310907541023,3.1436679215738663,2.1493799155301843,3.7521433710064485,3.760818535706629,2.484520558569005,2.004519310895117,1.9456543256481427,2.532752310873844
S031,Movimiento Real,22.10924158521027,36.03681656023828,49.35990129008095,25.628024874646467,35.20053522349948,21.746443631820725,57.39335541862576,38.138547703204004,61.42327423582256,26.69801997488934,39.902864369988436,23.62058335898208,39.57606427333992,26.410999316361195,35.43635292489201,23.43266616037242,40.54820115922441,24.600405327163774
S031,Imaginacion Motora,32.20140243717118,25.873895111538047,65.04081229901274,27.239023072119274,44.11967274866851,20.16939843764261,40.75400647581654,23.571201394796788,42.879225321245045,26.549820647506365,28.474062884218846,22.71536552455704,23.90925021860301,25.559406952402288,31.587144334621783,24.50615360659115,41.15619919189668,17.230342686481116
S032,Movimiento Real,19.609071215097103,67.57632526937682,44.83923917888517,93.51316066887439,23.61360488512371,67.7074138457087,24.293800772185264,72.33362603735455,43.813086944566344,112.00804457290492,29.972346307504164,86.1508267831985,19.676571210434567,64.85738342177861,55.212818092059834,142.18489490588516,22.306119255088245,88.90244343110254
S032,Imaginacion Motora,21.569423961219925,87.03014417497862,57.26473412475392,136.51098054040816,31.37345495188383,140.41050625270424,24.070430983913226,86.54952131826892,51.0258031075267,101.32593901487836,33.54780855675166,119.83735472261748,29.709101781546515,77.27866803348866,81.06539033803924,125.88153238679902,35.20456796234596,146.8113363249423
S033,Movimiento Real,5.692054687381946,14.606768917661418,5.985585016389144,10.723875843973733,5.299230831299037,9.86432085774294,11.191785967858754,22.41198776494608,5.469238364691367,8.149404395842643,7.666026748290599,17.306520496029293,8.17873475577478,21.410344437808252,8.530460428520607,14.387584231962006,15.987781276100735,21.593352161267894
S033,Imaginacion Motora,33.025839198533696,32.97662415882427,10.091483150759842,14.098422729812127,24.435070889957885,36.97338657579447,62.94740502802048,34.74523030924985,5.895740698872972,13.523206832247473,28.02993723927649,28.348156769535166,12.405909170887286,25.68303774656955,8.079648509194078,11.272692822381924,59.00152203946823,28.43722109439093
S034,Movimiento Real,4.911367705532767,3.815931494759271,3.8064587534488865,2.8837131693776623,3.9872555322266185,3.2800902558992613,16.288338425541262,5.4070833537727,6.3642342939167875,3.5635323981429585,10.839524904730387,3.452602098509258,7.300125046991265,4.227364041246683,15.561446498011914,3.661160785467538,13.687602243036919,3.9115793379380217
S034,Imaginacion Motora,22.246695872654417,5.3942395803927585,14.353402738889491,3.015035152550471,15.536246433023882,4.604528701202441,34.430689332152085,5.881982909006797,17.418854972534504,3.009418065121036,20.821194987858213,4.96215645311497,13.81011251499096,5.272600453493887,27.121134852206865,4.327633913626757,44.40729303145976,6.549296624988793
S035,Movimiento Real,9.943010943724891,8.563797278712062,9.840082696780817,7.661001244031527,13.72163311935553,9.323280717926076,14.287268003939403,12.043582664262177,14.512568181855523,10.71984118662082,30.87603760857935,13.198265419972095,17.27024496848966,19.579022342234374,12.510630785897332,12.750590171170197,28.43438757248418,16.819866285786738
S035,Imaginacion Motora,21.340720807537682,14.83970723516163,14.800270059124047,10.932212893605191,25.15776738947142,13.291936442292986,26.180290240908132,19.69584699183617,16.91092101121363,9.593753170306218,17.904037118359124,12.155873526186877,17.96104260467216,12.415617409258623,13.785974064379854,11.852174654048046,23.98046988117312,12.439279027596376
S036,Movimiento Real,45.56365268043659,132.19809489023245,45.766872784396725,81.04395333979318,25.9266034807079,110.70804475881572,31.525133415180104,119.27145679025192,47.149530506319735,72.21267569628256,33.98289537446291,84.58787586172284,31.201676939996414,95.14531076025669,45.75374484768418,63.85801787830234,34.702741463147014,105.08543377950579
S036,Imaginacion Motora,32.207319207550704,99.99464712571955,51.85276623531085,73.8149174412037,34.8158308396912,93.25273400416008,52.196233378566966,90.83827394909738,60.27860804017399,71.78425842609415,41.482098360764674,90.30316487204371,32.4460795459736,75.50184461654176,43.13037352835209,55.49034477367431,32.94883691337495,71.88076674395052
S037,Movimiento Real,1.1451284937564634,4.414142423964279,0.6138341181996883,1.9115687521692013,0.603796536822444,1.829907670942605,1.4573031245104326,5.118875044971628,0.8981193830347176,2.2260011650312794,0.851608512389347,2.118745752522864,1.0192581033114079,3.3732281733520537,0.6689714129049491,2.6609860937809784,0.6225795280115618,2.6298999586044665
S037,Imaginacion Motora,1.4940315264815305,9.472645294616335,0.6950506185474824,3.289271726548136,0.6715595880091451,3.1765990144869938,1.4594335633033277,7.665893081845855,0.7782936004053638,3.820082482104645,0.7330711680915152,3.8280870501564808,1.4077587565579595,7.295529123744767,0.6927663527067973,3.2120119186123643,0.6529634172544667,3.14038029362196
S038,Movimiento Real,34.63011608154351,51.90545913239155,29.256123983480972,34.384428685146695,29.48301202524483,34.78190971472105,46.61683021590771,74.36720293733661,40.041251812738594,45.802116435255755,34.48119942647278,41.944085170472206,27.96782254054675,53.50188441412876,29.110111261862542,36.092961357569976,28.18603299812714,57.01265403809961
S038,Imaginacion Motora,30.377050338730548,49.048654878544674,32.621106366744854,37.98098725255732,29.844235815340202,38.49999556227794,32.582945619564086,53.014766951411055,36.33363959730791,41.822213042503016,21.001422916310624,37.75058477107212,39.4995672729141,58.82777181538738,40.72964050303901,36.18620130780849,29.833159253369967,36.83394391283387
S039,Movimiento Real,62.473696016331736,103.50228596848466,113.5978814945649,100.78022540416396,89.05498139021616,128.11504756673972,76.29668420052482,99.67114271575831,202.55353348663482,115.1384603205406,107.31760029160793,102.16237870225346,72.12684087553127,71.21111466786822,146.20264694362456,83.9980731452246,111.6749378774669,99.85982576938362
S039,Imaginacion Motora,104.7472503057074,124.28843526151249,154.84167664497988,148.42398811539033,177.49354619268172,141.13029159742084,136.4679386112678,115.45274711979603,177.1155334816809,110.5787669215122,139.8771339414513,128.40855325807368,98.31240812756826,89.29780037782888,169.44354241737327,103.83776556662552,139.37419544568883,107.91894467220062
S040,Movimiento Real,9.974312816771091,21.944475074701934,17.999104954304425,23.48711895310784,22.68045485150187,35.02495935066339,16.9747551094744,23.306481925809162,17.863371402375872,26.08903827713365,30.811835358041463,39.74790061296109,16.654483896463518,23.409998457420006,17.3771270129685,25.122165636387003,27.63760075764266,33.922794130270795
S040,Imaginacion Motora,15.345547949520869,26.873462576598502,14.957032847970117,27.021790493132436,18.297672601025727,33.802946744175706,15.583456768664618,19.389252392012256,14.546870891979436,28.901652898601032,26.288986495623032,34.81609824271665,18.855650969573002,27.844359147134497,18.520100523008903,25.560604770720072,25.785630772804137,33.472491979223385
S041,Movimiento Real,1.6630045214753664,2.883389970600458,1.8518385179211474,2.4755275269568946,2.063125241039218,2.6060743215815094,2.0264685909618088,3.553653824626232,2.876352704216169,3.025448752316571,2.2246626364015443,2.3921204164871934,1.5354085330235432,3.032642781082072,1.7250764941220305,2.5622993020781175,1.9227067259604593,3.1135608364709957
S041,Imaginacion Motora,1.5494762034338234,5.498311058004654,1.6184146986325696,3.9733164640120937,1.8306278411543895,3.391731917670341,1.4600847542441227,2.5965352327126796,1.76599755754528,2.5517665836514283,2.0587496460151766,2.7431998329221363,2.462788304322005,3.148290581919141,2.0557838925086447,2.983898834356914,2.0398417463451475,2.543312805623649
S042,Movimiento Real,4.124714652143833,6.77549427627888,6.252952739441694,7.127623700644683,5.251006241467379,9.264320611212584,6.087280240666877,11.908754219251579,8.035387917447038,8.388317241194734,7.802365952416619,14.003622423035933,5.16679931466066,9.42046929267687,7.68563448453451,11.628090270151034,12.785006410766467,19.989002158979066
S042,Imaginacion Motora,10.647886614785635,14.793085586411344,15.340673864941945,18.50248119291325,11.298130873745611,21.27633348458694,12.58949791027709,13.546800328633203,11.03618827280575,14.635068315372706,7.486128227278187,18.24840288197642,7.9101337590760705,13.45684974225168,13.089020917771458,18.64535337730027,13.199547239915162,29.807965200304746
S043,Movimiento Real,44.852094974636145,61.52318160388865,44.1588470665369,62.63086509144464,23.80606869246315,36.22689352101061,42.2491692703738,62.43453969801224,59.19312118293001,90.05994525007131,27.730045237652707,44.1514730420576,44.73120726806583,58.10871106139239,36.907824265288625,78.62367336600445,29.359920475929094,51.28894518347713
S043,Imaginacion Motora,31.49750057931668,58.58540413094528,27.5712017100993,96.57465366496398,18.21196706460336,47.59684832302073,48.14305228194624,67.69268563704671,52.77842347751249,77.93805057107642,29.219715266403682,47.92666021608514,38.76093179856327,56.846182794247476,47.70523025080632,56.969287350961814,26.018639414196084,40.16789992950123
S044,Movimiento Real,63.48969648763332,70.27616029185585,66.15838126991633,56.476392968507405,76.5042883434331,58.59457865786363,46.92170865444326,55.25696643511234,55.50673039998483,52.711843704622154,54.966728109111884,64.52867128474382,77.57714810601769,63.094086546878934,90.24626757860187,52.18517027060954,108.04774304820165,66.81376390405313
S044,Imaginacion Motora,94.28677691254259,104.56495656413826,85.14144984354355,78.00011549013401,163.663087458186,74.8013871691073,143.37020465388605,151.28401923998896,91.01188401932161,77.1379044325546,98.769943261638,100.34705815494237,102.3288699661596,80.97006857860192,97.59466551549222,69.77210194217908,163.5088569687499,115.5943752617715
S045,Movimiento Real,29.242662932332376,169.3240015679948,33.8862946946182,63.08098926692355,22.088652594847655,108.79153963935285,26.321193706819276,134.88057149423494,28.86028178426238,52.33356665565871,21.938135958393964,112.2465511681468,58.64771472518479,209.0304758965335,37.468939411412606,70.17510395522883,29.697206538512603,158.7202588343564
S045,Imaginacion Motora,38.457912443545965,115.97421181859447,39.76658508314844,87.69665290570656,31.475904296827093,95.68237219357317,36.36522547676658,117.81652283666199,34.508936636623794,56.66702331021889,15.226301487054942,90.79664868552504,28.799681424485907,141.20523352310514,30.749761671880748,60.466335593327145,30.944850999476127,97.61129577817981
S046,Movimiento Real,23.42593587034766,27.422878370322262,45.05768893443424,48.41282079530987,25.544660465622787,30.30015714252444,20.56263457581197,36.7268787599999,41.3504694904504,72.15036288213217,32.054641664801714,64.34499642775052,28.488498100704504,30.794964821080825,53.49066255509167,60.640518273180945,31.391093026457803,34.38782120070939
S046,Imaginacion Motora,15.95983517052011,27.16398585368982,44.771850294286104,50.502748003897906,24.88547882466068,31.435908881598717,20.62734895302322,25.58453059493606,32.960906964278784,42.872868216487056,16.43513643804726,30.995772190730204,11.121542245879283,26.92469630583316,19.258356199533544,49.469474899666636,15.137393887457474,34.63851948352332
S047,Movimiento Real,1.595179572876925,2.9418540718814965,2.527620804736344,3.2799113489771807,1.5820318105225961,2.3568971751836725,1.643556327873413,2.98200663992725,2.3819877749709364,3.538258193666737,2.085025208985261,3.053758036355487,1.679738232846279,2.3043283848682417,2.806182120498591,2.267899034364983,1.2791174096443643,2.260184194971516
S047,Imaginacion Motora,2.1267867766784088,3.101535341989212,2.4925746928000883,3.52204893321088,1.6142709956348618,2.9929403565407564,2.6278964832971163,3.0758112397602293,3.1886841813138487,3.0706487574964982,1.775868494562692,2.7964982974866865,1.7628574908013692,2.6631076268587535,2.998540310651065,2.327190021676411,2.3733188418775315,1.9059849628666232
S048,Movimiento Real,68.12000713322458,122.42084585337936,127.45464363062713,102.43616488093798,100.0943091059339,80.9970075244214,193.7401283900609,122.5512679204929,175.626405357448,124.82478370586614,130.0400775319035,87.27727394965483,228.25899846294635,94.41451996886566,155.09788767050483,94.07804017376286,215.2592068948795,94.44887038773828
S048,Imaginacion Motora,286.7593337393504,163.245501175961,354.19791189528263,160.56015783554454,373.8527168564782,130.6916284905877,328.66769702840236,160.63029936477153,407.05710225374304,158.65103940215235,273.78431146407735,103.13810949546087,281.0363392451629,116.26461461370792,319.8093690255613,109.50195842268676,295.61100206457996,75.6922532081455
S049,Movimiento Real,34.31538125519732,161.16593234874787,38.85467908880125,163.1890855262219,16.96518249055355,129.70715554297487,53.62323130256082,216.70741555212908,29.53351850211922,197.84684114599753,30.43726320454325,154.27789270766922,38.68363020530281,167.2378025667451,27.744656479974715,166.2715319172124,54.69522910835818,196.48427245293377
S049,Imaginacion Motora,33.105013963115375,213.96274399783388,34.47885935769763,215.65897474588832,28.230509716221796,171.42711787808074,28.340758222224697,179.0679861015633,29.886322776172744,168.92455757461153,20.505163207777564,122.54474852037325,31.709316530542043,142.41062302472858,41.22017522606021,186.69073956235206,31.001645347775117,129.9989403655691
S050,Movimiento Real,5.5308698052206475,11.044504784796263,5.735233515363965,10.963342631299657,3.623146859515553,9.067892294673795,5.256475111972775,11.469741462572419,4.859613513423458,10.891256676177493,3.6627627570190606,9.873901195205237,5.842278119057191,12.44004982685918,5.315511244011898,10.367001546238843,3.8592031804869658,9.344554991910238
S050,Imaginacion Motora,5.84214201462791,11.06546048376415,7.319249719540737,11.40998997569894,4.397593726534101,9.153233173468003,4.541608056819881,13.567227911458147,5.5553857111734715,11.293822355210017,4.021273582404632,9.162710218203793,4.5214142469062715,10.458630193027314,5.326975925977882,8.799536256287492,3.631280403982268,9.243404722714054
S051,Movimiento Real,0.6094177464790859,1.0686555370492468,0.6776133141031842,0.9620474408484313,0.4554890207814154,0.7195001628915155,0.8087541191665578,1.3829698926660214,0.926975984151382,1.6426089123559613,0.6757197650107741,1.3972071139281845,0.6226629563784326,1.7934431226941374,0.8807526990262067,1.7622998701423582,0.6683862192747134,1.3336200672324385
S051,Imaginacion Motora,0.7006172465328322,1.2849530097044115,0.7484998269482102,1.1114056215319235,0.49844153606014663,1.0262257778324655,0.7771049863379915,1.341110344592581,0.8220488589105247,1.457171303786166,0.7516773582483276,1.07104731604812,0.7293188767610498,1.2975639605139226,0.8446883550029317,1.1669038435566725,0.6113753318353047,0.9751817279098236
S052,Movimiento Real,34.94130040106197,49.170505098691415,88.1291499372504,74.06147171978387,40.540341337074814,35.42763060433231,69.69601621763019,66.37167656159576,252.31826342613454,103.5355451412382,40.268032020085116,54.14528953691287,26.774481698297656,45.27076703614577,142.26641738043168,87.0750907118297,42.797562093560344,38.44810946827284
S052,Imaginacion Motora,134.21994127991894,84.79571950895652,203.0756159357551,105.54826151206021,62.222456391747926,66.60329231079992,200.26347531854097,147.10192790206187,164.94991771419498,95.59262651854749,87.31852914228732,56.659604038311635,88.33109941430618,80.16232630243434,125.65485758997303,92.91559578996213,68.01830110455987,83.36981634991992
S053,Movimiento Real,22.48364993296006,60.03137993851733,33.12935060294016,63.59824246210766,24.71692086918046,88.29450863448763,29.00044102483558,67.06130283815975,46.372300054809564,67.85394278787274,33.006957457817734,87.44870606510666,20.834398702376006,59.149623293006165,29.28402042483459,54.54496947473662,25.069764141639507,71.87025358433186
S053,Imaginacion Motora,35.1598498320959,84.79266535424848,49.39127261680147,87.11884202857115,30.12072157054464,103.43958023748029,34.88111330154466,74.82050695620593,28.04747925001236,63.71061797178703,21.100196646912217,85.7878817768525,81.99377526449544,103.13697053498502,25.742767634410633,104.85704740830563,30.562036946548805,120.69576291200055
S054,Movimiento Real,98.95805316823667,78.10232124621733,84.82094485108578,60.112472794586765,133.91277962474427,89.51801378778914,160.49254123924456,70.80887366769801,85.01762765087365,50.44147035721232,274.10498001593754,81.08588887675074,150.38817455841195,59.95179232223757,157.63447070647274,49.87618787956147,275.9674958093372,82.13624573056283
S054,Imaginacion Motora,169.45184427508653,78.53970032969947,113.45733020210848,50.806067209822494,374.7523843965708,90.4072866498717,263.4285832991196,99.41383618028793,84.35864156667304,44.230494602160434,355.1960557762034,81.35263561659885,260.36359546556776,80.48435739930424,203.95998822875822,64.19677412892985,495.4588919095463,127.31144442306628
S055,Movimiento Real,1.3858330549606608,1.3955336082808187,1.697742556315953,1.6258115994714766,1.1632890061272871,0.9230880691332697,0.8726837291895294,1.3275858679233947,1.2405312831927577,1.59114766061241,0.9003278406738864,1.0155856167467696,1.0234516999214474,1.3198742879623029,1.2783224875578811,1.4907668043829931,1.7454321391070402,1.3194278342515684
S055,Imaginacion Motora,1.6197314386780473,1.676528533550747,1.6294472837451306,2.421958216213824,1.4398257097043756,1.6300351703907725,1.3329499039598247,1.9592519793141023,1.229392202076417,1.9322435079814406,1.0799649413339325,1.3562062921646143,1.2323840638245238,1.5538423236860834,1.2443253591450487,1.5023524743039707,2.149928284989986,1.683089512962674
S056,Movimiento Real,89.58562433900332,58.78208215294003,91.04091906522099,51.70470716673084,79.00571200082858,58.96773919853667,109.02891635180096,56.848738847622705,121.28955461399356,60.384059957701666,114.9091350132027,81.51236803334001,167.79451265676144,65.34167381867255,143.1353050726912,62.507881364601644,202.0280881295661,68.19990994004606
S056,Imaginacion Motora,101.68331327117079,91.79431248886767,97.54904813763713,58.1205574178958,116.79543519505349,66.27702165510627,121.4811019988314,98.97340238248019,128.0539988488954,65.80742201738647,138.82401782845795,68.93849300352275,95.33956613853141,82.85175436582817,77.29275086074635,63.73516272793725,140.89482221298255,111.529317371399
S057,Movimiento Real,28.155762353982322,86.68224065616887,28.341596619107175,48.1993859082335,28.051145612717143,63.139223043747165,26.98995286607962,70.32691225432133,38.03018098633744,44.78104738550956,45.7609820715832,75.44572739209165,32.34463299187534,79.48451518112182,40.49750160360616,44.38937291386932,43.18575946757811,99.27022861560174
S057,Imaginacion Motora,25.32889800299506,91.94277420039688,27.094054216661046,61.1238292978629,30.711674538909634,96.053518254038,30.35329833596424,84.5094855147089,39.490464732956085,51.327698361834464,33.93655893010468,62.033853260265616,31.916051164495244,62.15958277342494,50.03595014959378,44.64362508452535,25.339781817840688,86.5493052831946
S058,Movimiento Real,7.148007003947241,54.609082446862324,6.182602397214925,36.5194011983888,8.033380078192529,41.080948158917224,7.4096090746526775,48.10772135975088,8.251154064471802,27.45004874934534,9.948918926395057,47.8196519787782,5.726938818105785,40.372778532745535,6.10505788335547,27.24661602801939,6.685192181952223,38.400258728548536
S058,Imaginacion Motora,10.86608636045961,42.506875937066525,11.090866360030745,32.621050776102535,9.440568820654885,58.99211193146281,8.648216934457922,40.94760861341821,8.547119334136815,24.78525873975753,9.920054230668557,57.09149158575461,4.596487172175698,37.4101635615237,4.695356248475321,30.158212265126917,8.411064941919905,62.05978041593986
S059,Movimiento Real,26.007073973506213,55.827271442034856,23.820568705556806,40.2794036141574,21.67026515333864,31.25376440819816,19.22552045256397,53.57852539287448,19.765825070019584,49.663011951997056,22.925403518988695,36.18344738220905,28.270339934019283,63.09250338753336,22.497672285795144,39.16840204833397,21.9437674214568,32.60770168032683
S059,Imaginacion Motora,49.34469871389049,86.94005505621895,44.00480902646614,56.75814483204515,39.6150291302361,53.41671650692063,29.10347147692533,73.18880879512395,25.061699070035452,46.326169256827654,27.35163121939862,46.23271828276285,47.98679084419573,98.54246162571084,22.211129305428013,49.04232474164762,22.29989218629329,45.26204046560052
S060,Movimiento Real,40.29594717220795,76.78704794018887,69.40258324616852,105.10986000896621,50.931382534423854,80.38179898012085,110.08414624840194,115.18597237367958,86.9924589283852,98.9318179335614,84.94122550445778,115.94154484445268,64.30342377637189,83.26959774122741,67.30091502671954,95.71371521931859,113.38348223212603,103.38486064885514
S060,Imaginacion Motora,79.04891696660049,98.74572577800234,98.81469593956113,104.651156170028,85.65489144110444,106.47507020481642,104.7290449277348,129.56123794506195,115.03005464320563,99.43208740033518,71.20934404911233,94.36527570243666,60.064580341314915,79.9482261964116,123.34933508495206,87.23310064471822,89.24853246161524,79.44676555939701
S061,Movimiento Real,34.28745811511223,36.45238270479651,61.52507118671919,37.53889619125754,39.80611282885446,44.71454405939713,30.64801921879552,49.10196273631657,49.36407763351677,44.50699910057334,35.21800334701132,55.692750973091314,26.900784493547235,41.250589681057605,45.8183496934696,40.83178602623544,30.830183081506743,55.18563363668833
S061,Imaginacion Motora,35.85423695553253,71.74149804420796,57.44161891468249,59.582881921031955,47.87587803677293,95.18342891741473,40.50911452329846,80.85293135471902,45.47664705321083,54.36242673738358,43.05028572891035,78.23507332626397,38.47940904528644,59.33051443604095,47.455996676953134,55.15367719792524,41.47467131639821,87.0241360901497
S062,Movimiento Real,8.24204119637369,10.690181752143298,11.794888662402457,10.846536351692889,9.53150206446348,8.971983100462122,7.605257208279935,6.81166983984712,10.24934127164552,9.43840203559568,6.877563044002385,6.7592988707756065,8.710701276389411,15.926580380645754,9.811107743878354,11.989415935451401,8.223673148731043,9.297039744062527
S062,Imaginacion Motora,13.007777622999884,8.733284484903814,21.52356607928826,9.974768777970755,24.715355372614813,10.689831435998745,24.715696903697438,12.11250484642262,21.88490696346202,11.18347772045018,39.865446795413,15.355397404261183,19.47321319067932,8.623754907206333,22.744901452780166,7.890566177044976,36.86336627858967,12.48807375401582
S063,Movimiento Real,4.432876383457047,25.101475600557,4.967047917876015,12.695700354023252,5.632783351500932,18.655494088184824,4.559806033669094,25.36788323751372,8.257311810088535,20.84293488967367,7.278923405144367,27.050987734748265,6.0989916416101995,32.47229489413986,6.054055775748112,16.625775397590303,4.991553754340735,23.696040320322282
S063,Imaginacion Motora,9.426687938584504,60.48103277108713,5.605003957586251,18.868769635694814,6.049381259331818,30.539903071807867,5.851106825364379,50.83127996583809,3.523476105214795,13.841591229810081,5.370604553190762,30.497901901155927,9.46146212794476,49.66022571791557,6.074957102289073,17.22248987877653,6.934411146466231,34.535322936307495
S064,Movimiento Real,1.9437965109589197,3.7175864279847173,3.539057853517649,3.8348200139051385,1.9247277451004259,4.8248622950389874,2.104208397745574,4.273805134610326,2.6896092775028286,4.858859860145379,1.2949096682353882,5.087505132765137,1.9997857090749858,4.2923458475331255,2.073897503111294,4.680962038590801,2.2188434162153774,4.292749129364851
S064,Imaginacion Motora,2.744382771328227,4.261263159187685,2.679864008383586,3.439608509786584,2.0862143851858006,3.7887218542988634,2.693802332825053,4.964045965347104,2.598757083743791,3.874491963638385,2.87176307707885,3.674749294053155,2.1496431540060046,2.898949414537357,2.670641713413204,2.9223296741547915,2.193271444341931,3.1534660250616513
S065,Movimiento Real,26.827180613197587,35.65248699304588,35.60548126826532,30.990511813773058,36.904927514688744,40.22442969961579,33.12620525915684,36.41163978492408,26.56717488682608,30.323878877570813,28.95622858574812,41.56488519692142,29.33562712934767,27.08868723224825,33.74227036117642,26.00979567531996,43.78529016611036,36.003096557553704
S065,Imaginacion Motora,25.290764866614534,31.546804737148648,44.315572772195296,26.490317799232848,33.67519032348673,39.226977001679565,25.32222428775865,31.66369738658386,45.26313760185956,25.138532449175802,41.6119595660164,40.17590249184816,30.43308638142348,26.743283504419495,59.84581367154784,26.446128782777937,48.7080830291563,36.665927390686306
S066,Movimiento Real,13.856461957639002,17.09779223355531,17.91036577731484,16.52098666312389,14.413159909036358,15.286394316253757,44.49528724555578,25.233218780840186,28.928094990570607,25.266105534057793,25.661277194314646,17.07217149012763,13.190695981752993,13.77967242238327,13.011663370364072,13.33475475544213,19.27347531759016,18.735613410135226
S066,Imaginacion Motora,21.793770707126058,21.48560101774488,30.127126523918665,20.849339663431607,18.05254828107068,19.087570748663637,38.138690415229355,26.90833146988326,28.2419650301661,20.437547310107124,15.645853011844341,23.701321284946673,37.60781426173303,27.851275717413838,19.87685639078749,23.616477254464844,33.32008902492213,26.132744528494865
S067,Movimiento Real,2.677502559721739,23.952052717268387,1.2588111009612155,4.064583650543251,2.3590782937887282,20.24922783112745,2.651684141568759,22.061331527737316,0.9016768116628122,4.709520124937138,2.6407641401535926,16.302885180809,2.4223118732807474,17.893583907447862,1.4783105103186742,3.899335283996987,2.245589187175198,15.102946133825792
S067,Imaginacion Motora,5.460975491678562,29.759347886551687,1.650121122139003,5.300030161991943,6.372744402529196,26.87183865788556,6.1837662063843695,28.667812507251135,1.6798875567196212,4.449897132850271,4.50444347497846,23.672198220128028,3.0976088083154827,25.301053071098107,1.2258041141888354,5.521184775459941,4.569213705252075,26.58046944291248
S068,Movimiento Real,43.438694790711786,66.92988188195523,22.386200478863277,25.83302361820454,47.916377270109614,71.96562437804819,33.68533146752,48.36004764863382,27.312300426451696,32.837610380973445,48.67747142081751,72.99530771860921,33.431194098612934,47.13508425542891,19.967787586284846,27.054702852006855,31.587608444971533,53.38788864307324
S068,Imaginacion Motora,27.276900472788565,45.174193381466274,17.08062568673944,26.79082552825363,23.677439671037128,39.101785636925364,30.765941171890333,46.135628169595684,25.52398342409344,24.88911525751648,46.93007148785322,51.06990287597479,36.4579967794484,44.991769782785404,26.826994552116805,27.41275506741969,56.24239589736813,51.09041291053285
S069,Movimiento Real,15.243005088731943,33.299418571264304,17.81645716088482,27.503735194715563,22.657720664657944,31.092575755967506,14.547733628350443,38.84300336673512,12.531049940721807,26.32992204928891,17.57242616143545,47.277671859630104,18.64234007885822,33.73209117232989,13.808918079224389,28.13497247305148,29.285968695601486,43.81594794790559
S069,Imaginacion Motora,13.330975063809035,51.82814140948998,14.36951908636028,29.116300254819873,15.50243439664064,53.69229169652448,22.85155233875995,59.50271568965575,13.8331692108156,26.8514141478474,23.637500644581454,58.53315370040408,17.075436042904943,51.111507161114325,13.400813237682064,22.966631206787458,21.45049242250032,45.391681290302756
S070,Movimiento Real,28.473439579453007,36.96308635745291,29.22918839832371,30.813028061851707,30.504814804237338,31.495268753680893,32.39256418860117,35.853078062516026,39.106904024355345,25.10618783627806,21.55713412098613,31.365151307284002,31.46202132645247,43.83126336305294,51.219642450970326,40.96536119939517,30.263368848430957,38.45437921542699
S070,Imaginacion Motora,43.77324948862976,54.95844608666597,50.87363209757737,34.02813302788929,43.318362973641875,46.344200063736714,41.994671358221105,47.0740144202007,65.67715783373843,34.68084395192147,35.802980684915916,39.45755855175922,43.41500609600068,51.601465650598236,48.857438816933254,36.27452682150447,39.07355685060873,33.05681605079525
S071,Movimiento Real,14.899019079442983,30.761498870029328,20.762563159187614,32.07196273348978,16.876143942300466,23.56790445826723,24.748967963971516,43.476652789687286,18.46370576755175,35.11452887380293,30.626078438801155,31.055240934211305,22.13305238006341,33.183619434634046,55.20638414326142,50.316803192425496,30.651086441129333,45.40075695719957
S071,Imaginacion Motora,25.989481682592977,39.10885192969612,33.18541071035093,36.82432962265871,29.628394115755913,39.048610448742984,27.335877056443067,51.59635474023668,29.696916009175315,45.892605409712736,28.975229358605667,38.02471595092512,18.743478597934523,35.84952945126914,23.67249383846289,31.97482743811297,27.13314396029197,49.88858831823718
S072,Movimiento Real,0.8528814650395581,1.7159798564856479,1.0887300306395842,1.5368844605187568,0.883312672824721,1.8435912246515347,2.6800550568102035,2.5996999475536042,1.2828407970697489,1.8430123658942683,4.282861326378233,2.974315330686554,2.697915659923393,3.3081448180395565,1.3239864332830351,1.8057225758163022,7.290223944096852,3.315589301943289
S072,Imaginacion Motora,1.8868269041359422,1.8907528330621022,1.2323355723296112,1.7141947731044855,8.135878619172844,3.741519279077154,4.164531918635067,2.8908810209485107,1.2843296262486723,1.92947017460484,3.3599194324828248,2.8569260144228177,3.366477137929613,2.3505854180991332,2.0359384293422322,1.8461533094255864,14.516875235433512,6.049796597525319
S073,Movimiento Real,3.6201350413932505,6.037414423375622,4.538272510579462,3.7271233896490132,2.6762610137019167,4.7710112683350205,3.200483606101094,5.403835250606385,2.6017185818529285,3.261856285827917,2.592848885380625,5.502565737382023,2.629140258829776,5.841684404242881,2.511828505545532,3.9314596678256644,2.9091676097254067,5.520963512754645
S073,Imaginacion Motora,3.335597433494621,5.879549770895055,2.8747754661496767,3.4132915136894773,2.533034149934209,4.616260254929104,3.0534580478262057,5.340055278656613,2.460876558086158,3.3894326723638506,2.1242020420282794,4.796044809093363,3.256148352975903,5.235279785052588,4.569993085593196,4.196355156897947,2.6466261169486636,5.482336586896803
S074,Movimiento Real,2.397808660021919,11.504087566011467,4.226276455296736,16.876064310978744,2.7915431434948332,10.457098874904787,2.4589084102545775,7.8042434090294925,3.0616841653065823,10.895772517667103,2.0748172058564767,7.2158317931933915,1.7027601861030046,5.813232198590695,2.297170441027577,12.547632882806184,2.105198744080378,9.420186599888877
S074,Imaginacion Motora,3.8642244944602484,11.686526299325946,4.4725114156827965,22.303675762542618,4.9439508818738975,12.804490362742852,2.2266944689787507,9.478317134641792,4.8439782865339875,17.572452955507718,3.3691133605519177,12.88138152220532,3.1458083228905136,7.717602359726205,4.255525276641455,11.205686288488469,3.77122405453206,14.385319809969623
S075,Movimiento Real,71.05133139486338,117.45760331239724,189.16928584771188,97.17872048034614,98.26754037737987,83.45134286634168,93.11778387263293,111.38856211191961,84.64740526263525,95.10532870883273,96.11876521712512,80.53736552708907,77.79639924008468,127.56809104760804,143.72702025834923,113.74371037273627,92.52901304946651,76.8012297872577
S075,Imaginacion Motora,185.13608458174008,227.74380083921028,185.49792346194303,101.14937295643352,137.39809146419796,100.85737798290045,179.83906123256293,244.5633310765432,225.38557509524531,125.16357500736844,133.16896869355608,113.78161335804951,165.32005828950108,189.83432457984912,166.63945769681658,115.95654430554708,170.3795154951052,89.60159554598455
S076,Movimiento Real,2.0336706924429495,12.202544708139396,1.1850149904820733,7.173619059683491,1.4058492105621132,13.530675947922191,2.6957269692804786,12.262438721247063,1.6762302166945573,6.390155885631556,2.110948553241576,12.915719856595324,2.5520288216607705,9.816328734626248,1.3174732488076777,5.978229547843591,1.3182930561252069,13.539186908112153
S076,Imaginacion Motora,2.1299379276468886,11.618215311130651,1.145439177859719,7.387135762585276,1.4881030312846002,10.545098011094984,2.2915793593992486,10.747624064961498,1.7607752771329463,5.910242351423012,1.87141291124555,9.625826138571167,2.0587952709489676,8.728150352005768,2.1582637288992275,6.046186588439755,2.132248851811769,8.187870665722507
S077,Movimiento Real,30.59918205236356,40.35685233441162,63.182343040450334,37.716927049011645,36.06896723662963,42.04985316524045,43.25928593098476,52.71801952299597,87.11408185081746,46.15329834162614,40.563868295966074,64.15623304694569,42.918109748101315,61.1348656813841,53.50832773623859,48.69819285957824,37.557104615034994,61.52720123237268
S077,Imaginacion Motora,44.26068650353068,68.32173305526908,56.503904337032516,56.77102536632774,52.211251721900446,71.92651956497717,29.320773945382765,53.92911882307373,63.04638996030733,65.75024413732099,48.80413269222052,71.07987487983429,50.56058793227584,55.27800965017177,51.39479529619499,49.445919750562055,58.97768870846682,63.031400124876654
S078,Movimiento Real,7.277962129161797,7.399025631235871,18.159686601045674,9.736530703634791,11.94751073215696,8.87498218777419,8.85528500652196,8.438665433828147,18.403032116160833,10.890919882876402,11.384727359426055,8.734575513249803,13.428349676203137,47.5066165283394,14.83053330578805,12.25601524267766,11.573322909707882,12.085347970622909
S078,Imaginacion Motora,8.509410088121685,15.551154039826237,17.082387732853675,11.418597263041269,13.141109249229837,10.391218353648819,12.868452631644145,13.048895766613642,20.38898585870611,9.151242086338131,10.98779711727518,10.554211843929998,15.405460835691523,49.512921864377674,18.07363919025371,11.376720197846721,17.664099783456724,12.90591872046239
S079,Movimiento Real,70.94772283659239,109.0006750689018,46.63685538705216,68.94437468329939,35.12910536388243,70.85558241761599,83.85608056330646,146.98534558400664,65.09906020072818,71.1788609181661,62.19799370298665,82.97882463158898,85.96224069788934,103.5910051278926,36.936914581037136,61.146164520880816,41.00593185985836,67.40946223380155
S079,Imaginacion Motora,94.67738043101916,147.3718881127485,79.21546560332496,112.29023752084449,83.0300139432614,103.15740504925978,122.1658486592957,185.2022212793825,57.925596512821606,95.18063661574938,53.296884212217776,81.24410458724306,110.4545482866896,140.37539812062897,72.28933477004517,101.30404687916855,68.79363077330117,98.03526928880362
S080,Movimiento Real,13.530071430881867,32.06455056683893,13.258303494074383,25.941638157163457,9.249557430765412,23.31408804163673,16.166455667978124,25.663985763812036,20.841202210884433,24.637470715874862,9.1397658388746,22.07655369791092,17.59755996804854,27.90559464596511,17.739634401853888,25.123558265140314,17.875400983414913,27.152537653550503
S080,Imaginacion Motora,13.27260232654372,26.01047330158664,13.561036924356936,27.64724051743736,9.227996273792401,23.90334345250107,9.885151615462897,23.6605482647887,14.646586362125095,19.554771459295086,11.884663336389943,16.132333883689427,12.503593668523695,22.41848252816368,15.015610127812092,22.790320507331014,12.385965097515431,20.98379645486991
S081,Movimiento Real,5.732232150715915,9.36564936652133,5.078314819758528,6.341256133706296,5.238341698394853,6.581307352415144,5.257542408011193,10.087149331474278,4.593446879199739,6.750538610255482,4.8414808387185735,7.150950383569784,4.12926073977419,8.496307841147104,2.7509371388883137,8.112612615084824,2.932569848618303,8.601271475470204
S081,Imaginacion Motora,6.4120357734622235,13.708451446803725,5.954598302414812,8.999257327160853,6.310696670327122,9.577878297673296,5.467058524743146,10.085268245329933,4.229388355841893,7.731809906614101,4.561734946951097,8.308034449901584,5.822810673089636,11.033548851642117,4.756571342774523,6.457641805825849,5.11929790005312,6.798582649534643
S082,Movimiento Real,19.413834687339516,24.833035876199837,32.352350901434036,22.180697604053776,32.69245603970554,37.597543874724174,22.321082507477932,23.917496500970927,20.66011175306681,27.724753883726226,42.81635360926622,44.365635382017174,37.278010494140545,30.906096911878663,28.120981865629894,28.855415962480173,60.0497596717286,55.59318756394419
S082,Imaginacion Motora,30.589440442599226,27.42994595003613,30.92380246048774,26.336485138095526,43.69751516152118,46.70627498060028,25.5970900301593,25.474490398917556,38.49986016649109,26.261332659825605,62.61490856026975,39.99159816699423,26.189235380865753,17.837697953331,24.545768205661552,25.759669194644378,31.109901593489507,39.968562463352164
S083,Movimiento Real,41.109811540923346,95.69625918654405,27.796345520579933,51.392943240711354,16.124360930523878,53.06033603212704,61.01321392323725,133.64235287034032,43.3070887332413,84.50557439341868,30.505793683299554,68.57199457554387,51.10433881703099,95.14885033281146,35.535639795647064,83.7856127130635,21.402504983391296,92.20095601789977
S083,Imaginacion Motora,80.79917735118099,204.70561983917955,88.13158591123089,186.87122941214977,35.273531767123075,142.33988068486724,70.3466041462323,147.19817027879606,44.44879932587699,76.83052225999116,27.656895531182563,99.39353594181205,46.841062208535526,152.3360501531838,46.428006640681325,102.82010058015993,30.613632763395376,136.79193431878622
S084,Movimiento Real,47.379349367574825,47.2039931889313,55.811158019702034,37.81331572024605,92.12167158689186,59.6470472646425,30.5606628937531,29.8127024543435,52.256699870001974,41.42228461071922,65.12237962639303,61.57672416641992,96.2774842085781,29.8059207926774,58.9919264871992,35.94049361549959,127.89358091907856,52.788089339287005
S084,Imaginacion Motora,35.222475727423976,33.22701204561205,35.47081994099292,35.179365968261784,79.51263796254652,54.663358882649725,59.87750570561941,38.04787747210721,48.409044924476184,35.72758428293361,57.669955506904785,72.09570716812118,32.555709182658035,52.57548931540532,59.29186832750455,31.213022911556415,165.67572063457726,64.03680101495378
S085,Movimiento Real,6.216920806617233,12.683150839398321,19.231891609049967,21.553050365563028,23.99154347698981,31.71971584426991,15.552513321344527,23.05094035031424,25.832940943127646,29.068567382287135,47.93288508929799,54.39327504518103,11.96272763423298,24.01335312318079,18.277456701000336,25.454724184836873,44.99217883372923,66.37552706225549
S085,Imaginacion Motora,39.85482656671558,27.323644140161583,25.498092418385284,30.13956299828654,78.9785716483693,60.66955468596694,37.437057535847345,29.5787268510884,29.181319533191537,27.186010688957523,76.37624634117935,51.83357326795264,22.29082674314434,24.59283374228153,25.031513248263465,28.309744129585294,112.59009928288646,65.37096516693282
S086,Movimiento Real,18.42771841800843,25.092591968708764,33.376991906826674,28.94517290708634,22.03079825622932,25.04858618270347,83.73236936131765,351.93293412142174,33.99904060276448,151.13865365983926,152.82289094078104,369.5344593273369,27.961889957708063,26.63337903474466,30.726729372837177,28.898184924660658,19.732071998708694,23.68716768753059
S086,Imaginacion Motora,24.848863065201176,28.63220712105816,27.347669851842088,30.267160139304746,24.614096020153795,26.75117345700815,29.45244513499044,60.46222156517392,35.07047874288894,32.993432076184206,31.5482854200904,30.28125287187416,17.86869219232761,32.47222716538591,31.936318025483455,35.210293690787324,23.140620150150365,29.796388484836246
S087,Movimiento Real,58.00749369071656,142.236496642092,58.67619022441629,99.60945330573172,56.9657286787093,113.3678290570305,49.25683922525391,80.69681559542492,41.52505535295926,55.1492819289878,29.76159917647083,99.9478345601789,56.182216687566736,98.16965966689513,50.013059285277954,71.06611618110307,72.85763914300958,133.58574387695617
S087,Imaginacion Motora,53.40567401562899,68.36079966654863,49.484711661999754,60.546967653180246,54.16108682161232,82.4456016716527,40.60424000809615,60.16481653438012,36.934584740155046,53.518000747995124,40.73636967061938,88.57666011651014,28.13687521918093,63.51373166935617,36.48618596182738,59.38257706904978,28.649281768982757,93.29397932504286
S088,Movimiento Real,23.960256227690667,47.7328802674783,24.430434685476875,36.05143256415069,16.281201072655396,40.481076337653576,34.373014009515344,51.490705518991945,25.001960391526307,40.184279287662214,18.649042871614643,43.30135847783484,26.06199408762751,46.69197089653552,17.224802620186285,31.484246602209357,15.26885145928899,47.929095036579106
S088,Imaginacion Motora,14.227905679138578,46.620287280627586,16.800064117623847,35.235866617875985,18.056350840432057,43.17697521801953,26.736823769870572,60.390493370475355,35.11506522955083,40.24237922429716,22.828646981157547,50.800171065043116,16.72027694608356,40.05190218003808,21.162278159113256,33.404255849577886,18.801148964245073,62.558139410721715
S089,Movimiento Real,0.5552054034460924,2.0163153660150774,0.7560562161716933,1.8540007237461422,0.6833831020398516,1.9769932341908154,0.7428863051407129,1.8617830700354663,1.4359469517416052,2.1271298365042948,1.1285738630582065,1.7783478412537308,0.5059177568943332,1.8034544883451022,1.1521203353274814,1.6876241607257132,0.7413624635410726,1.5582175737696318
S089,Imaginacion Motora,0.7330740060249696,2.3474735609123707,1.272419934930789,2.5444020177793987,0.9078146424332252,1.7024474280942132,0.6169477582328632,1.4249141208458234,1.2278420860958057,1.4193791270537504,0.6663070078166515,1.4499712851842301,0.6669381797165079,1.253903020611585,1.119119655409922,1.4362340544551666,0.6844152991799871,1.4536731762602053
S090,Movimiento Real,30.819956349216003,71.40746871620334,46.44980410821684,36.067343217515635,27.4095640121091,39.016656013398865,27.047606333969977,96.75981930971354,37.797157344471664,34.12972049564417,26.839446246750033,37.439718305058996,40.62137106109458,73.04679470610684,67.12133368491901,41.245308315782225,21.646094832511764,31.524765502932098
S090,Imaginacion Motora,33.91688390397909,94.2253737505629,31.186069904073598,25.84555297549184,30.647066794568868,42.93021130593944,35.012875093116165,92.59530798580838,42.099409898543925,27.725138831915743,26.93019928925332,32.41287510449894,30.338112328640342,100.2210747602374,36.87409673437732,28.413662909506986,31.606584219783677,37.75702749272277
S091,Movimiento Real,46.120896000497,71.01170885595312,57.80042582682456,72.04462228969173,38.52887652572117,63.9763653789199,23.39662819435426,78.19798466372166,20.943712187089663,69.87160568145795,30.543092391660046,47.74972892435172,26.200447159412864,74.52249960055148,21.155555213240188,68.79553965753875,30.96234260671064,60.007405719920605
S091,Imaginacion Motora,51.46201547932711,91.90834635744675,42.56019201535041,95.68077880197514,38.33756817095942,61.82999523967462,40.70366697046545,70.36743574987422,29.37378445876091,73.2248423629477,32.469686578495384,61.13889492036814,26.538937537097237,70.73158827361972,20.61101320617238,77.41324464429444,26.536103251626773,50.86792323877376
S092,Movimiento Real,38.09808332689906,116.35185838561068,44.998952687648405,92.67843973554568,35.65981883593242,78.21641941129305,61.17115225119668,105.00635680056185,64.39070244001518,84.87398600622134,40.292109215296136,83.244311820905,49.181961005447754,95.03365112718355,34.650203438080474,55.11248157905341,30.78133416351356,66.86716520427002
S092,Imaginacion Motora,49.609564291707215,110.42472667692299,60.73714394214678,92.78859591525979,39.03135429547492,103.44318389856602,59.24322067725602,112.31029643721297,32.3979530909104,64.3071988295177,24.401442058843305,81.41614039173007,68.16898350929243,126.37622940330955,62.73829902171308,72.29645055191415,29.227956340457474,81.33509288263491
S093,Movimiento Real,7.778425581615202,11.785023757768068,14.160909777871328,12.268076223432521,7.564203626542797,8.785757261853835,11.313977373067619,11.626226956181842,12.109031707005206,11.896733362674391,10.54052615660501,10.660979368627773,8.392734355014912,9.814647569398387,12.826417568622077,17.81985088495435,11.734844095704236,12.366494132962982
S093,Imaginacion Motora,16.174102230207215,14.499075049786297,15.090640272226448,13.178739588795814,20.891664236849753,13.907391447117494,21.27196684746765,17.931292360158842,13.464619292096723,14.551882335760064,23.058470129790155,14.100062940988579,20.9560239244033,15.458100740048307,13.745938742534262,15.168583713677036,45.55253981490055,17.075462825746875
S094,Movimiento Real,36.29537256876746,50.85921476016714,46.711040364934846,52.882024953397234,58.88399471094749,73.82359838410093,61.44508603531348,65.21122466673029,65.01741067374357,56.907671361581656,63.463520650071736,74.56356627006645,69.19531123745999,71.44821189742377,62.02056992440572,71.97829418371072,61.803195606907686,106.06992438393173
S094,Imaginacion Motora,58.18924368161409,69.1312550283704,75.61223526303934,83.10331986243122,141.11924833916854,130.41675290865172,62.09900013066398,75.71585085923441,68.98438539075597,101.5286733210982,119.59121480007792,134.6942444433808,55.64827782636716,78.84459627759473,111.5244430276809,92.66232365057746,145.07798214481022,144.37243926717892
S095,Movimiento Real,36.678469667678456,65.65412317219811,75.2641858091615,118.1088694127816,33.349779950114936,59.106709131963896,40.31393555159494,76.27844967384917,80.29268369114432,114.77916303373054,34.70902002970076,72.46647057583891,34.07588737078461,79.7911830526325,72.36038502056375,96.51127920083889,42.453793449103685,88.28796543291857
S095,Imaginacion Motora,31.158114067107935,71.09624224390348,95.64286559244722,100.92466192367878,27.543082319300257,93.98955372232241,34.32170060405628,69.67799269622081,92.85258288073395,136.64745607637835,31.710354619535956,80.52338841046009,24.587747145540963,60.8130588545158,64.109809570658,98.78009575023252,26.931195938220462,70.15628728184392
S096,Movimiento Real,67.3084232987397,68.5500583626111,122.26813441705352,81.66335987570497,138.20331350809357,140.1647718062839,60.84983149221805,68.54133899145316,98.33945490926432,91.99155287143539,201.20669980345144,138.45229865566466,89.45045392458536,74.36219405291105,157.92973888239092,96.17655745835816,131.05639622860087,150.4369173194567
S096,Imaginacion Motora,62.94556201489716,73.68745953040533,97.22846558260754,85.7129306612922,138.1013573822289,126.15834492175763,85.8348915159431,70.7308396841506,146.23124320471115,71.80461843199134,104.88521677254678,86.09869993016386,67.0686168470299,73.38647548651393,108.49607152442941,79.94092967466817,103.75691253150065,106.24155749664494
S097,Movimiento Real,50.83443902235365,72.42559729535617,33.75196823002268,33.885901825582266,40.4629035805102,48.17630650644114,54.577316944950155,92.32062191393723,34.62547683711732,40.81242067782464,52.2135726068677,64.05674699886767,46.258860529006775,93.89494534413492,38.67889197126121,43.077200022033,41.60416872571804,54.679918823501254
S097,Imaginacion Motora,61.80922111582418,99.67623655599878,21.858242218503353,29.93768866835848,26.88587574471453,46.94615669418745,56.536795422874654,80.1361311066099,33.521178686344186,38.0851634670218,33.31073057377158,54.81344848608278,64.79048314933678,85.12209693275584,32.14892673734372,37.10680325503131,41.3723106684886,56.139784306516994
S098,Movimiento Real,12.01072030689592,6.951326401549381,12.820118426995933,7.088813420128765,14.140646977310217,6.139690036243784,8.285768763923748,5.634291830206173,4.393374421370627,4.402302767256008,5.576318486717576,5.012670239573025,8.135879827519902,5.239290544523871,8.484716648369915,3.773522957710245,9.226729158141808,4.341000309257662
S098,Imaginacion Motora,10.141991696343581,18.30040258109156,14.407491410917933,5.76141544275851,10.139282175593026,6.436776060045787,8.16676136785054,15.85196040628445,7.575691003093599,4.023436856328946,6.244443349292655,5.133955633590552,8.024525050129903,18.034338765811384,9.07997662140539,5.8607939831316544,7.2000479469500425,5.944990348183212
S099,Movimiento Real,55.767155154052816,173.84076787279224,45.88204695212258,66.91188831462964,55.110752357522536,78.509423310291,37.569244833041225,177.60115279469616,46.348032827247316,67.5224761975244,59.0747745279096,77.10079792444012,35.10909463802368,137.54315526265364,34.866125181215324,59.453040804137565,57.48578670659521,78.68865760594342
S099,Imaginacion Motora,52.71580819300399,210.61173384805443,55.89075136614231,93.02804510771342,59.92788193836228,115.0822977320607,74.52601246366162,179.40977988161177,59.276684881000946,92.16896312889392,94.13544470778282,102.54662732264886,63.826181787432795,187.79826989433883,53.87041167824317,78.90506610777489,64.9939160235099,83.04110210863342
S100,Movimiento Real,19.30588236058048,53.323356632548226,31.735424982355937,100.5744573159821,17.61756816068359,65.1466772207494,43.37827258637634,117.17736654672231,37.46934513627424,69.64390596288693,29.108390026330998,85.35700282032712,28.13233608343537,91.79060642615931,31.301818047684737,83.15488197809754,34.091261010774296,100.15192437268216
S100,Imaginacion Motora,35.26533332495595,157.52019202257642,31.381119628542958,102.12606634394986,37.02252809872772,135.16564647257567,24.094789171057613,264.35061417895525,37.93690122563989,154.50711522162703,36.701063006663944,108.31872431718975,39.00198814806691,171.2352583843685,34.90240933590191,167.0450810252922,51.12740357008749,200.77407097902952
S101,Movimiento Real,31.598575968528657,48.09763424754559,28.91212128455675,33.61943203363457,21.45686967229618,41.95238541777627,24.57172162713864,49.178994294110446,16.859239824554656,28.454225802482455,22.814966315931574,40.93092383610522,24.57215414449298,47.0629488324693,24.508624296285618,34.583989314695906,20.47951380270827,39.60703671426029
S101,Imaginacion Motora,26.847045961662438,58.741069548240425,24.379803374334255,28.71385535382216,22.269608955676922,48.44498704423923,32.36806117298788,53.696392220966914,35.57537585598116,25.887938965035254,28.215287419156393,48.687010522978376,27.099812491012433,49.27848434575107,21.88742955890198,28.392015638215746,19.78363925274462,50.96096370326515
S102,Movimiento Real,3.1768884600816985,4.832758676692405,3.6553238439627904,2.8862281112540558,3.7163310029912147,3.315033188371198,3.8736766997061802,5.087482321584464,3.869785079835271,3.085499242750231,4.047498019095787,4.156189046368793,3.1165278595351045,5.013645731375953,2.4811459503752697,3.2639467324442264,2.8499300054780523,4.398712969801709
S102,Imaginacion Motora,2.3631266106648967,5.611517928068434,2.9510052288464874,3.3949320913416776,3.661763864420535,5.296046710820154,3.459188315087866,4.95770988840363,3.847588224164305,3.150502136432679,3.4111263927392605,4.389112048382981,2.3956492905608533,3.770711047920619,3.1822705790391685,3.904297195350386,2.567789035560004,5.4196597940432545
S103,Movimiento Real,65.4976858205769,76.67146834696626,55.743632415034824,58.97142693641974,42.9053923352529,61.22885348170448,78.09354876958359,98.05491529210732,59.26774432540223,71.72391544287072,70.82600384998238,86.30376192689523,72.62105398885332,88.51938542482584,80.6141576417196,93.6989417301306,84.78079960148632,70.85187811636686
S103,Imaginacion Motora,113.60257625504876,91.34207477888208,102.82239704049118,89.29954211054154,123.03826294266608,74.96323813128284,109.95147114560604,72.02090956698272,85.70785976343956,74.09937884844939,115.78642518512423,63.33384338335647,62.92416771514124,87.66889259762169,69.09203527897365,73.38703807912317,123.64708274691816,67.04056446617507
S104,Movimiento Real,14.274431733222995,26.686738487869576,20.15783328313612,17.066229982588023,20.60020697107612,22.199446222003147,20.7790522045661,57.2808180339513,31.523064832074436,19.8128464166075,27.560199843524472,22.791055876309773,17.7319014175804,23.166774468552596,23.854712546673735,16.290800556164452,40.4253697502991,29.00085794388578
S104,Imaginacion Motora,14.199173245217748,20.84970487035068,19.726003666629374,16.358984930559366,22.520464722842625,27.359324968221827,9.390646832485805,18.080564234322313,17.100294253271045,12.730235749526242,17.166402947266082,22.68527367440604,18.03862318897074,20.924496912661414,18.868692929308615,14.792723286770515,16.869774873489494,20.160533844721908
S105,Movimiento Real,29.171579907053623,22.00949139439277,39.806695610334906,17.815318187944257,25.929962228834565,15.812845242461973,43.34025811783496,22.085531595260036,32.30284814682428,16.210169251509488,27.957399469429486,15.964507588793479,21.536695918139298,23.154978843109383,28.82217959017454,16.566884752382602,24.567631084918226,14.045732179866784
S105,Imaginacion Motora,20.846196744531124,19.114586250190822,25.086298496032775,13.374132668296422,24.016548045507264,15.883330406491348,22.11271560845233,18.24071210094437,21.186485739051772,16.420108515703387,15.853460622921085,16.223848943278508,22.50778371655494,22.168389098196602,19.79875011796841,12.975133470255516,19.107245775093848,14.111133800427826
S106,Movimiento Real,50.536991665836354,47.131372955314546,74.78694804456978,58.670010652373314,60.810305312872636,46.69091265522544,44.27173851086624,41.37092594423126,55.12769327680686,56.17921014721191,33.91456047864611,36.847361133215934,27.660144340475068,38.5814485874442,48.284932518314804,65.48501423406663,38.111401930069604,40.17570560646837
S106,Imaginacion Motora,123.64939903960065,50.277049906131886,116.84439270848857,65.1024373239111,99.00589472172183,60.36328169653976,52.01664718050494,35.26485640678746,87.9581748158344,70.60275175451781,78.33965443827552,56.601711101810274,32.28745599602954,37.676930215574515,60.63297137203624,58.14243731315799,58.97378090007689,43.45675523835537
S107,Movimiento Real,49.30027178723502,27.986147461317245,42.84656768391186,25.003123431095997,30.422357747821295,21.407930723463654,57.591342957350086,24.134168063189165,43.41602816469146,21.654358964032877,44.220070238967295,23.760748654147843,45.37523454924299,35.77909507231408,48.600169271822395,27.86260469804033,31.637657713768583,25.200035326881114
S107,Imaginacion Motora,57.17502376777363,32.47043078467097,54.32607618095436,28.970867817780682,36.12977073061511,31.35052724176771,61.02819647060303,44.25860410823309,57.44151632580506,36.4064444287685,32.49457567393427,39.70365120657461,62.691942404652636,35.80731474864273,51.51019954535611,30.30111921468887,44.826192664762424,36.952175253329436
S108,Movimiento Real,20.691437962610877,52.974868004912224,40.84882549792228,30.988535462810226,31.38985913329715,39.8533029707803,36.64227116277125,49.12202232828487,34.16858729035882,26.786842237752527,36.24233547470818,32.664818376109544,33.05230657800333,88.28791315559086,42.54886283392452,43.64164246767391,41.631503024684726,56.47795900517409
S108,Imaginacion Motora,53.833664454054244,108.93972440187567,33.83929788180062,43.39818414931364,65.59368515071688,83.21333090992275,41.04378050908735,142.2825521000091,27.201186491801067,54.331673532298915,55.013809773275874,70.49714463114279,68.17013284211981,122.17099562324313,47.40514855001194,50.577446729643825,72.82256978032926,84.10590650945167
S109,Movimiento Real,18.941940847691114,29.423430060450585,38.84589544929591,41.22723558752141,11579.940615588774,11163.285721559974,18.34520828653671,25.688627418690526,33.82727755380891,26.77922898441476,8033.053347380258,10979.54703709491,23.613043650168397,28.899151442559845,18.49437872827352,27.59515240143495,7318.734787458791,10488.175711376296
S109,Imaginacion Motora,20.550025611867063,34.0368169802269,41.15901348987215,38.21548591939763,8351.600580874712,14079.556495472882,28.943166277758404,26.153691972037176,19.76813872338438,33.7483772154357,10331.293123794992,11485.516356294338,24.58538009678009,26.694741759699458,32.03148310606134,37.49729331533165,8459.905689818428,10021.415321757655
